<?xml version="1.0" encoding="UTF-8"?>
<project-private xmlns="http://www.netbeans.org/ns/project-private/1">
    <editor-bookmarks xmlns="http://www.netbeans.org/ns/editor-bookmarks/2" lastBookmarkId="0"/>
    <open-files xmlns="http://www.netbeans.org/ns/projectui-open-files/2">
        <group>
            <file>file:/F:/2021-2022/CDA3/CDA/Maquettage/Maquettage%20Conservatoire/ProjetZiqMu3%20-%20CLasses/index.php</file>
            <file>file:/F:/2021-2022/CDA3/CDA/Maquettage/Maquettage%20Conservatoire/ProjetZiqMu3%20-%20CLasses/modele/AdherentDAO.php</file>
            <file>file:/F:/2021-2022/CDA3/CDA/Maquettage/Maquettage%20Conservatoire/ProjetZiqMu3%20-%20CLasses/modele/SeanceDAO.php</file>
            <file>file:/F:/2021-2022/CDA3/CDA/Maquettage/Maquettage%20Conservatoire/ProjetZiqMu3%20-%20CLasses/modele/class.pdomusic.inc.php</file>
        </group>
    </open-files>
</project-private>
